<!DOCTYPE suite SYSTEM "https://testng.org/testng-1.0.dtd">
<suite name="Demoblaze_Test_Suite" verbose="2" configfailurepolicy="continue">

    <test name="Login_Tests" preserve-order="true">
        <classes>
            <class name="tests.LoginTests">
                <methods>
                    <include name="testLoginWithData"/>
                    <include name="testLoginWithoutData"/>
                </methods>
            </class>
        </classes>
    </test>

    <test name="Contact_Tests" preserve-order="true">
        <classes>
            <class name="tests.ContactTests">
                <methods>
                    <include name="testContactFormWithData"/>
                    <include name="testContactFormWithoutData"/>
                </methods>
            </class>
        </classes>
    </test>

    <listeners>
        <listener class-name="org.testng.reporters.FailedReporter"/>
        <listener class-name="org.testng.reporters.EmailableReporter"/>
    </listeners>

</suite>